0,1,2,3,4,5,6,7,8,9,10,11,12,13,14
6081,Adalbertstraße,1,,11,,U,2,30,3,14,Kreuz,10999,,friedrichshain-kreuzberg
6081,Adalbertstraße,2,,10,,G,2,30,3,14,Kreuz,10999,,friedrichshain-kreuzberg
6081,Adalbertstraße,13,,23,B,U,2,30,3,14,Kreuz,10997,,friedrichshain-kreuzberg
6081,Adalbertstraße,14,,22,,G,2,30,3,14,Kreuz,10997,,friedrichshain-kreuzberg
6081,Adalbertstraße,24,,66,,G,1,10,3,13,Mitte,10179,J,friedrichshain-kreuzberg
6081,Adalbertstraße,25,,65,,U,1,10,3,13,Mitte,10179,J,friedrichshain-kreuzberg
6081,Adalbertstraße,67,,89,,U,2,30,3,14,Kreuz,10997,,friedrichshain-kreuzberg
6081,Adalbertstraße,68,,90,,G,2,30,3,14,Kreuz,10997,,friedrichshain-kreuzberg
6081,Adalbertstraße,91,,97,,U,2,30,3,14,Kreuz,10999,,friedrichshain-kreuzberg
6081,Adalbertstraße,92,,98,,G,2,30,3,14,Kreuz,10999,,friedrichshain-kreuzberg
16,Admiralstraße,1,,37,,U,2,10,1,6,Kreuz,10999,,friedrichshain-kreuzberg
16,Admiralstraße,2,,38,,G,2,10,1,6,Kreuz,10999,,friedrichshain-kreuzberg
6082,Alexandrinenstraße,1,,15,,U,2,10,1,5,Kreuz,10969,,friedrichshain-kreuzberg
6082,Alexandrinenstraße,2,,12,,G,2,10,1,5,Kreuz,10969,,friedrichshain-kreuzberg
6082,Alexandrinenstraße,30,,48,,G,2,10,1,4,Kreuz,10969,,friedrichshain-kreuzberg
6082,Alexandrinenstraße,31,,49,,U,2,10,1,4,Kreuz,10969,,friedrichshain-kreuzberg
6082,Alexandrinenstraße,55,,55,,U,1,10,3,12,Mitte,10179,J,friedrichshain-kreuzberg
6082,Alexandrinenstraße,56,,56,,G,1,10,3,12,Mitte,10179,J,friedrichshain-kreuzberg
6082,Alexandrinenstraße,91,,101,A,U,2,10,1,3,Kreuz,10969,,friedrichshain-kreuzberg
6082,Alexandrinenstraße,92,,100,,G,2,10,1,3,Kreuz,10969,,friedrichshain-kreuzberg
6082,Alexandrinenstraße,115,,123,,U,2,10,1,5,Kreuz,10969,,friedrichshain-kreuzberg
6082,Alexandrinenstraße,116,,124,,G,2,10,1,5,Kreuz,10969,,friedrichshain-kreuzberg
6082,Alexandrinenstraße,125,,125,,U,2,10,1,3,Kreuz,10969,,friedrichshain-kreuzberg
6082,Alexandrinenstraße,128,,128,,G,2,10,1,3,Kreuz,10969,,friedrichshain-kreuzberg
6082,Alexandrinenstraße,130,,130,,G,2,10,1,6,Kreuz,10969,,friedrichshain-kreuzberg
8771,Alte Brauerei,1,,23,,U,2,20,2,9,Kreuz,10965,,friedrichshain-kreuzberg
8771,Alte Brauerei,2,,24,,G,2,20,2,9,Kreuz,10965,,friedrichshain-kreuzberg
6083,Alte Jakobstraße,4,,20,,G,2,10,1,3,Kreuz,10969,,friedrichshain-kreuzberg
6083,Alte Jakobstraße,13,,19,,U,2,10,1,3,Kreuz,10969,,friedrichshain-kreuzberg
6083,Alte Jakobstraße,40,,46,,G,2,10,1,4,Kreuz,10969,,friedrichshain-kreuzberg
6083,Alte Jakobstraße,45,,45,,U,2,10,1,4,Kreuz,10969,,friedrichshain-kreuzberg
6083,Alte Jakobstraße,48,,102,,G,1,10,3,12,Mitte,10179,J,friedrichshain-kreuzberg
6083,Alte Jakobstraße,49,,101,,U,1,10,3,12,Mitte,10179,J,friedrichshain-kreuzberg
6083,Alte Jakobstraße,105,,167,,U,2,10,1,3,Kreuz,10969,,friedrichshain-kreuzberg
6083,Alte Jakobstraße,110,,168,,G,2,10,1,3,Kreuz,10969,,friedrichshain-kreuzberg
6083,Alte Jakobstraße,169,,173,,U,2,10,1,5,Kreuz,10969,,friedrichshain-kreuzberg
6083,Alte Jakobstraße,170,,172,,G,2,10,1,5,Kreuz,10969,,friedrichshain-kreuzberg
40082,Alt-Stralau,1,,1,,U,2,50,8,35,Frhai,10245,,friedrichshain-kreuzberg
40082,Alt-Stralau,2,,2,,G,2,50,8,35,Frhai,10245,,friedrichshain-kreuzberg
40082,Alt-Stralau,3,,65,,U,2,50,8,36,Frhai,10245,,friedrichshain-kreuzberg
40082,Alt-Stralau,4,,66,,G,2,50,8,36,Frhai,10245,,friedrichshain-kreuzberg
40082,Alt-Stralau,68,,70,,G,2,50,8,35,Frhai,10245,,friedrichshain-kreuzberg
40082,Alt-Stralau,69,,71,,U,2,50,8,35,Frhai,10245,,friedrichshain-kreuzberg
5670,Am Berlin Museum,1,,27,,U,2,10,1,3,Kreuz,10969,,friedrichshain-kreuzberg
5670,Am Berlin Museum,2,,18,,G,2,10,1,3,Kreuz,10969,,friedrichshain-kreuzberg
40528,Am Comeniusplatz,1,,5,,U,2,40,6,24,Frhai,10243,,friedrichshain-kreuzberg
40528,Am Comeniusplatz,2,,6,,G,2,40,6,24,Frhai,10243,,friedrichshain-kreuzberg
40271,Barnimstraße,12,,42,,G,2,40,5,20,Frhai,10249,,friedrichshain-kreuzberg
40271,Barnimstraße,37,,37,,U,2,40,5,20,Frhai,10249,,friedrichshain-kreuzberg
430,Baruther Straße,1,,21,,U,2,20,2,10,Kreuz,10961,,friedrichshain-kreuzberg
430,Baruther Straße,2,,22,,G,2,20,2,10,Kreuz,10961,,friedrichshain-kreuzberg
494,Bergfriedstraße,4,,24,,G,2,10,1,5,Kreuz,10969,,friedrichshain-kreuzberg
494,Bergfriedstraße,11,,19,,U,2,10,1,5,Kreuz,10969,,friedrichshain-kreuzberg
498,Bergmannstraße,1,,111,,U,2,20,2,11,Kreuz,10961,,friedrichshain-kreuzberg
498,Bergmannstraße,2,,112,,G,2,20,2,11,Kreuz,10961,,friedrichshain-kreuzberg
518,Bernburger Straße,1,,35,,U,2,10,1,1,Kreuz,10963,,friedrichshain-kreuzberg
518,Bernburger Straße,4,,34,,G,2,10,1,1,Kreuz,10963,,friedrichshain-kreuzberg
40313,Bersarinplatz,1,,1,,U,2,50,7,26,Frhai,10249,,friedrichshain-kreuzberg
40313,Bersarinplatz,2,,2,,G,2,50,7,26,Frhai,10249,,friedrichshain-kreuzberg
40313,Bersarinplatz,3,,3,,U,2,50,7,27,Frhai,10249,,friedrichshain-kreuzberg
40313,Bersarinplatz,4,,4,,G,2,50,7,27,Frhai,10249,,friedrichshain-kreuzberg
536,Besselstraße,1,,13,,U,2,10,1,2,Kreuz,10969,,friedrichshain-kreuzberg
536,Besselstraße,14,,14,,G,2,10,1,2,Kreuz,10969,,friedrichshain-kreuzberg
16945,Bethaniendamm,19,,29,,U,2,30,3,16,Kreuz,10997,,friedrichshain-kreuzberg
16945,Bethaniendamm,51,,65,,U,2,30,3,14,Kreuz,10999,,friedrichshain-kreuzberg
544,Bevernstraße,1,,5,,U,2,30,3,16,Kreuz,10997,,friedrichshain-kreuzberg
544,Bevernstraße,2,,6,,G,2,30,3,16,Kreuz,10997,,friedrichshain-kreuzberg
6933,Blücherplatz,1,,3,,U,2,20,2,10,Kreuz,10961,,friedrichshain-kreuzberg
6933,Blücherplatz,2,,2,,G,2,20,2,10,Kreuz,10961,,friedrichshain-kreuzberg
613,Blücherstraße,3,,65,E,U,2,20,2,10,Kreuz,10961,,friedrichshain-kreuzberg
613,Blücherstraße,10,,68,,G,2,20,2,10,Kreuz,10961,,friedrichshain-kreuzberg
44676,Blumenstraße,38,,46,,G,2,40,6,23,Frhai,10243,,friedrichshain-kreuzberg
44676,Blumenstraße,39,,49,,U,2,40,6,23,Frhai,10243,,friedrichshain-kreuzberg
630,Böckhstraße,1,,53,,U,2,20,2,13,Kreuz,10967,,friedrichshain-kreuzberg
630,Böckhstraße,2,,54,,G,2,20,2,13,Kreuz,10967,,friedrichshain-kreuzberg
5513,Böcklerstraße,1,,1,,U,2,10,1,6,Kreuz,10969,,friedrichshain-kreuzberg
5513,Böcklerstraße,2,,12,,G,2,10,1,6,Kreuz,10969,,friedrichshain-kreuzberg
40375,Böcklinstraße,6,,10,,G,2,50,8,34,Frhai,10245,,friedrichshain-kreuzberg
40375,Böcklinstraße,7,,11,,U,2,50,8,34,Frhai,10245,,friedrichshain-kreuzberg
40379,Bödikerstraße,1,,35,B,U,2,50,8,35,Frhai,10245,,friedrichshain-kreuzberg
40379,Bödikerstraße,2,A,36,,G,2,50,8,35,Frhai,10245,,friedrichshain-kreuzberg
8567,Bootsbauerstraße,2,,20,,G,2,50,8,36,Frhai,10245,,friedrichshain-kreuzberg
8567,Bootsbauerstraße,9,,17,,U,2,50,8,36,Frhai,10245,,friedrichshain-kreuzberg
658,Boppstraße,1,,11,,U,2,20,2,13,Kreuz,10967,,friedrichshain-kreuzberg
658,Boppstraße,2,,12,,G,2,20,2,13,Kreuz,10967,,friedrichshain-kreuzberg
40400,Bossestraße,1,,13,,U,2,50,8,35,Frhai,10245,,friedrichshain-kreuzberg
40400,Bossestraße,2,,14,,G,2,50,8,35,Frhai,10245,,friedrichshain-kreuzberg
40406,Boxhagener Straße,12,,54,,G,2,50,8,33,Frhai,10245,,friedrichshain-kreuzberg
40406,Boxhagener Straße,13,,55,,U,2,50,8,33,Frhai,10245,,friedrichshain-kreuzberg
40406,Boxhagener Straße,56,,62,A,G,2,50,8,34,Frhai,10245,,friedrichshain-kreuzberg
40406,Boxhagener Straße,57,,63,,U,2,50,8,34,Frhai,10245,,friedrichshain-kreuzberg
40406,Boxhagener Straße,64,,82,A,G,2,50,8,32,Frhai,10245,,friedrichshain-kreuzberg
40406,Boxhagener Straße,65,,81,B,U,2,50,8,32,Frhai,10245,,friedrichshain-kreuzberg
40406,Boxhagener Straße,83,,97,,U,2,50,8,31,Frhai,10245,,friedrichshain-kreuzberg
40406,Boxhagener Straße,84,,98,,G,2,50,8,31,Frhai,10245,,friedrichshain-kreuzberg
5750,Danziger Straße,119,,179,,U,3,60,14,51,Prenz,10407,J,friedrichshain-kreuzberg
5750,Danziger Straße,120,,186,,G,3,70,16,60,Prenz,10407,J,friedrichshain-kreuzberg
5750,Danziger Straße,183,,245,,U,3,60,14,52,Prenz,10407,J,friedrichshain-kreuzberg
5750,Danziger Straße,210,,210,,G,2,40,5,20,Frhai,10407,,friedrichshain-kreuzberg
947,Dennewitzstraße,2,,6,,G,1,10,1,4,Tierg,10785,J,friedrichshain-kreuzberg
947,Dennewitzstraße,3,,7,,U,1,10,1,4,Tierg,10785,J,friedrichshain-kreuzberg
947,Dennewitzstraße,22,,34,,G,7,10,2,5,Schön,10783,J,friedrichshain-kreuzberg
947,Dennewitzstraße,23,,33,,U,7,10,2,5,Schön,10783,J,friedrichshain-kreuzberg
947,Dennewitzstraße,36,,44,,G,2,20,2,7,Kreuz,10785,,friedrichshain-kreuzberg
947,Dennewitzstraße,37,,43,,U,2,20,2,7,Kreuz,10785,,friedrichshain-kreuzberg
953,Dessauer Straße,1,,39,,U,2,10,1,1,Kreuz,10963,,friedrichshain-kreuzberg
953,Dessauer Straße,2,,40,,G,2,10,1,1,Kreuz,10963,,friedrichshain-kreuzberg
967,Dieffenbachstraße,1,,77,,U,2,20,2,13,Kreuz,10967,,friedrichshain-kreuzberg
967,Dieffenbachstraße,12,,78,,G,2,20,2,13,Kreuz,10967,,friedrichshain-kreuzberg
40580,Diestelmeyerstraße,2,,6,,G,2,40,5,21,Frhai,10249,,friedrichshain-kreuzberg
40580,Diestelmeyerstraße,3,,7,,U,2,40,5,21,Frhai,10249,,friedrichshain-kreuzberg
40591,Dirschauer Straße,1,,17,,U,2,50,8,34,Frhai,10245,,friedrichshain-kreuzberg
40591,Dirschauer Straße,2,,16,,G,2,50,8,34,Frhai,10245,,friedrichshain-kreuzberg
40599,Dolziger Straße,1,,23,,U,2,50,7,28,Frhai,10247,,friedrichshain-kreuzberg
40599,Dolziger Straße,2,,24,,G,2,50,7,28,Frhai,10247,,friedrichshain-kreuzberg
40599,Dolziger Straße,25,,33,,U,2,50,7,29,Frhai,10247,,friedrichshain-kreuzberg
40599,Dolziger Straße,26,,34,,G,2,50,7,29,Frhai,10247,,friedrichshain-kreuzberg
40599,Dolziger Straße,35,,51,,U,2,50,7,28,Frhai,10247,,friedrichshain-kreuzberg
40599,Dolziger Straße,36,,50,,G,2,50,7,28,Frhai,10247,,friedrichshain-kreuzberg
9937,Dora-Benjamin-Park,1,,17,,U,2,50,8,36,Frhai,10245,,friedrichshain-kreuzberg
9937,Dora-Benjamin-Park,2,,28,,G,2,50,8,36,Frhai,10245,,friedrichshain-kreuzberg
40614,Döringstraße,2,,10,,G,2,50,8,34,Frhai,10245,,friedrichshain-kreuzberg
40614,Döringstraße,5,,7,,U,2,50,8,34,Frhai,10245,,friedrichshain-kreuzberg
40623,Dossestraße,5,,23,,U,2,50,8,32,Frhai,10247,,friedrichshain-kreuzberg
40623,Dossestraße,6,,20,,G,2,50,8,32,Frhai,10247,,friedrichshain-kreuzberg
6096,Dresdener Straße,8,,28,,G,2,30,3,14,Kreuz,10999,,friedrichshain-kreuzberg
6096,Dresdener Straße,9,,29,,U,2,30,3,14,Kreuz,10999,,friedrichshain-kreuzberg
6096,Dresdener Straße,31,,45,,U,1,10,3,13,Mitte,10179,J,friedrichshain-kreuzberg
6096,Dresdener Straße,32,,46,,G,1,10,3,13,Mitte,10179,J,friedrichshain-kreuzberg
6096,Dresdener Straße,79,,95,,U,1,10,3,12,Mitte,10179,J,friedrichshain-kreuzberg
6096,Dresdener Straße,80,,96,,G,1,10,3,12,Mitte,10179,J,friedrichshain-kreuzberg
6096,Dresdener Straße,108,,114,,G,1,10,3,13,Mitte,10179,J,friedrichshain-kreuzberg
6096,Dresdener Straße,109,,113,C,U,1,10,3,13,Mitte,10179,J,friedrichshain-kreuzberg
6096,Dresdener Straße,115,,117,,U,2,10,1,4,Kreuz,10999,,friedrichshain-kreuzberg
6096,Dresdener Straße,116,,118,,G,2,10,1,4,Kreuz,10999,,friedrichshain-kreuzberg
6096,Dresdener Straße,119,,127,,U,2,30,3,14,Kreuz,10999,,friedrichshain-kreuzberg
6096,Dresdener Straße,120,,128,,G,2,30,3,14,Kreuz,10999,,friedrichshain-kreuzberg
1035,Dudenstraße,2,,78,,G,2,20,2,9,Kreuz,10965,,friedrichshain-kreuzberg
1035,Dudenstraße,9,,91,,U,7,40,7,20,Temph,10965,J,friedrichshain-kreuzberg
1035,Dudenstraße,80,,100,,G,7,20,4,14,Schön,10965,J,friedrichshain-kreuzberg
40651,Ebelingstraße,1,,17,,U,2,50,7,26,Frhai,10249,,friedrichshain-kreuzberg
40651,Ebelingstraße,2,,16,,G,2,50,7,26,Frhai,10249,,friedrichshain-kreuzberg
8770,Eberhard-Roters-Platz,1,,13,,U,2,20,2,9,Kreuz,10965,,friedrichshain-kreuzberg
40657,Ebertystraße,4,,54,,G,2,50,7,26,Frhai,10249,,friedrichshain-kreuzberg
40657,Ebertystraße,5,,53,,U,2,50,7,26,Frhai,10249,,friedrichshain-kreuzberg
40659,Eckertstraße,1,,17,,U,2,40,5,22,Frhai,10249,,friedrichshain-kreuzberg
40659,Eckertstraße,2,,18,,G,2,40,5,22,Frhai,10249,,friedrichshain-kreuzberg
40671,Ehrenbergstraße,2,,26,,G,2,50,8,35,Frhai,10245,,friedrichshain-kreuzberg
40671,Ehrenbergstraße,3,,25,,U,2,50,8,35,Frhai,10245,,friedrichshain-kreuzberg
1107,Eisenbahnstraße,2,,8,,G,2,30,3,15,Kreuz,10997,,friedrichshain-kreuzberg
1107,Eisenbahnstraße,3,,7,,U,2,30,3,15,Kreuz,10997,,friedrichshain-kreuzberg
1107,Eisenbahnstraße,9,,39,,U,2,30,3,16,Kreuz,10997,,friedrichshain-kreuzberg
1107,Eisenbahnstraße,10,,38,,G,2,30,3,16,Kreuz,10997,,friedrichshain-kreuzberg
1107,Eisenbahnstraße,42,,48,,G,2,30,3,15,Kreuz,10997,,friedrichshain-kreuzberg
1107,Eisenbahnstraße,43,,47,,U,2,30,3,15,Kreuz,10997,,friedrichshain-kreuzberg
40711,Eldenaer Straße,2,,12,,G,2,50,7,27,Frhai,10247,,friedrichshain-kreuzberg
40711,Eldenaer Straße,3,,11,,U,2,50,7,27,Frhai,10247,,friedrichshain-kreuzberg
40711,Eldenaer Straße,13,,27,,U,2,50,7,28,Frhai,10247,,friedrichshain-kreuzberg
40711,Eldenaer Straße,14,,28,A,G,2,50,7,28,Frhai,10247,,friedrichshain-kreuzberg
40711,Eldenaer Straße,29,,31,,U,2,50,7,29,Frhai,10247,,friedrichshain-kreuzberg
40711,Eldenaer Straße,30,,32,,G,2,50,7,29,Frhai,10247,,friedrichshain-kreuzberg
40711,Eldenaer Straße,33,,65,,U,3,60,14,53,Prenz,10247,J,friedrichshain-kreuzberg
40711,Eldenaer Straße,34,,62,,G,3,60,14,53,Prenz,10247,J,friedrichshain-kreuzberg
1160,Enckestraße,4,,4,,G,2,10,1,2,Kreuz,10969,,friedrichshain-kreuzberg
40750,Erich-Steinfurth-Straße,1,,9,,U,2,40,6,23,Frhai,10243,,friedrichshain-kreuzberg
40750,Erich-Steinfurth-Straße,2,,10,,G,2,40,6,23,Frhai,10243,,friedrichshain-kreuzberg
1183,Erkelenzdamm,1,,17,,U,2,30,3,14,Kreuz,10999,,friedrichshain-kreuzberg
1183,Erkelenzdamm,19,,35,,U,2,10,1,5,Kreuz,10999,,friedrichshain-kreuzberg
1183,Erkelenzdamm,45,,69,,U,2,10,1,6,Kreuz,10999,,friedrichshain-kreuzberg
10741,Ernst-Zinna-Weg,1,,3,,U,2,40,5,20,Frhai,10249,,friedrichshain-kreuzberg
1216,Eylauer Straße,2,,26,,G,2,20,2,9,Kreuz,10965,,friedrichshain-kreuzberg
1216,Eylauer Straße,3,,25,,U,2,20,2,9,Kreuz,10965,,friedrichshain-kreuzberg
1224,Falckensteinstraße,1,,49,,U,2,30,4,19,Kreuz,10997,,friedrichshain-kreuzberg
1224,Falckensteinstraße,4,,48,,G,2,30,4,19,Kreuz,10997,,friedrichshain-kreuzberg
1246,Feilnerstraße,1,,11,,U,2,10,1,3,Kreuz,10969,,friedrichshain-kreuzberg
1246,Feilnerstraße,2,,12,,G,2,10,1,3,Kreuz,10969,,friedrichshain-kreuzberg
1270,Fichtestraße,1,,33,,U,2,20,2,12,Kreuz,10967,,friedrichshain-kreuzberg
1270,Fichtestraße,2,,34,,G,2,20,2,12,Kreuz,10967,,friedrichshain-kreuzberg
1272,Fidicinstraße,1,,45,,U,2,20,2,11,Kreuz,10965,,friedrichshain-kreuzberg
1272,Fidicinstraße,2,,44,,G,2,20,2,11,Kreuz,10965,,friedrichshain-kreuzberg
40832,Finowstraße,1,,39,,U,2,50,8,31,Frhai,10247,,friedrichshain-kreuzberg
40832,Finowstraße,2,,38,,G,2,50,8,31,Frhai,10247,,friedrichshain-kreuzberg
8568,Fischzug,1,,21,P,U,2,50,8,36,Frhai,10245,,friedrichshain-kreuzberg
8568,Fischzug,2,,24,,G,2,50,8,36,Frhai,10245,,friedrichshain-kreuzberg
1314,Flottwellstraße,2,,18,,G,1,10,1,4,Tierg,10785,J,friedrichshain-kreuzberg
1314,Flottwellstraße,3,,17,,U,1,10,1,4,Tierg,10785,J,friedrichshain-kreuzberg
1314,Flottwellstraße,19,,45,,U,2,20,2,7,Kreuz,10785,,friedrichshain-kreuzberg
1314,Flottwellstraße,20,,44,A,G,2,20,2,7,Kreuz,10785,,friedrichshain-kreuzberg
1324,Fontanepromenade,1,,13,A,U,2,20,2,12,Kreuz,10967,,friedrichshain-kreuzberg
1324,Fontanepromenade,2,,12,A,G,2,20,2,12,Kreuz,10967,,friedrichshain-kreuzberg
1324,Fontanepromenade,14,,16,,G,2,20,2,10,Kreuz,10967,,friedrichshain-kreuzberg
1336,Forster Straße,1,,57,,U,2,30,4,18,Kreuz,10999,,friedrichshain-kreuzberg
1336,Forster Straße,2,,58,,G,2,30,4,18,Kreuz,10999,,friedrichshain-kreuzberg
1341,Fraenkelufer,2,,50,,G,2,10,1,6,Kreuz,10999,,friedrichshain-kreuzberg
40865,Frankfurter Allee,1,,27,,U,2,50,7,27,Frhai,10247,,friedrichshain-kreuzberg
40865,Frankfurter Allee,2,,42,,G,2,50,8,30,Frhai,10247,,friedrichshain-kreuzberg
40865,Frankfurter Allee,29,,67,,U,2,50,7,28,Frhai,10247,,friedrichshain-kreuzberg
40865,Frankfurter Allee,44,,86,C,G,2,50,8,31,Frhai,10247,,friedrichshain-kreuzberg
40865,Frankfurter Allee,69,,111,A,U,2,50,7,29,Frhai,10247,,friedrichshain-kreuzberg
40865,Frankfurter Allee,90,,110,,G,2,50,8,32,Frhai,10247,,friedrichshain-kreuzberg
40865,Frankfurter Allee,113,,167,,U,11,30,7,22,Liber,10365,J,friedrichshain-kreuzberg
40865,Frankfurter Allee,120,,218,,G,11,30,8,26,Liber,10365,J,friedrichshain-kreuzberg
40865,Frankfurter Allee,187,,211,,U,11,30,7,24,Liber,10365,J,friedrichshain-kreuzberg
40865,Frankfurter Allee,213,,255,A,U,11,30,7,25,Liber,10365,J,friedrichshain-kreuzberg
40865,Frankfurter Allee,244,,254,,G,11,30,7,25,Liber,10365,J,friedrichshain-kreuzberg
40865,Frankfurter Allee,263,,285,,U,11,40,10,32,Rumbg,10317,J,friedrichshain-kreuzberg
40865,Frankfurter Allee,266,,286,,G,11,40,9,31,Rumbg,10317,J,friedrichshain-kreuzberg
40866,Frankfurter Tor,1,,1,,U,2,40,5,22,Frhai,10243,,friedrichshain-kreuzberg
40866,Frankfurter Tor,2,,2,,G,2,40,5,22,Frhai,10243,,friedrichshain-kreuzberg
40866,Frankfurter Tor,3,,5,,U,2,50,7,27,Frhai,10243,,friedrichshain-kreuzberg
40866,Frankfurter Tor,4,,4,,G,2,50,7,27,Frhai,10243,,friedrichshain-kreuzberg
40866,Frankfurter Tor,6,,6,,G,2,50,8,30,Frhai,10243,,friedrichshain-kreuzberg
40866,Frankfurter Tor,7,,7,,U,2,50,8,30,Frhai,10243,,friedrichshain-kreuzberg
40866,Frankfurter Tor,8,,8,,G,2,40,6,24,Frhai,10243,,friedrichshain-kreuzberg
40866,Frankfurter Tor,9,,9,,U,2,40,6,24,Frhai,10243,,friedrichshain-kreuzberg
1454,Franz-Klühs-Straße,1,,9,,U,2,10,1,2,Kreuz,10969,,friedrichshain-kreuzberg
1356,Franz-Künstler-Straße,1,,23,,U,2,10,1,5,Kreuz,10969,,friedrichshain-kreuzberg
1356,Franz-Künstler-Straße,2,,10,,G,2,10,1,3,Kreuz,10969,,friedrichshain-kreuzberg
41693,Franz-Mehring-Platz,1,,1,,U,2,40,6,25,Frhai,10243,,friedrichshain-kreuzberg
41693,Franz-Mehring-Platz,2,,6,,G,2,40,6,23,Frhai,10243,,friedrichshain-kreuzberg
41693,Franz-Mehring-Platz,3,,5,,U,2,40,6,23,Frhai,10243,,friedrichshain-kreuzberg
44744,Fredersdorfer Straße,6,,28,,G,2,40,6,24,Frhai,10243,,friedrichshain-kreuzberg
44744,Fredersdorfer Straße,11,,27,,U,2,40,6,24,Frhai,10243,,friedrichshain-kreuzberg
1373,Freiligrathstraße,1,,13,,U,2,20,2,12,Kreuz,10967,,friedrichshain-kreuzberg
1373,Freiligrathstraße,2,,14,,G,2,20,2,12,Kreuz,10967,,friedrichshain-kreuzberg
40894,Friedenstraße,1,,17,,U,2,40,5,20,Frhai,10249,,friedrichshain-kreuzberg
40894,Friedenstraße,2,,16,,G,2,40,5,20,Frhai,10249,,friedrichshain-kreuzberg
40894,Friedenstraße,30,,98,,G,2,40,5,21,Frhai,10249,,friedrichshain-kreuzberg
40894,Friedenstraße,31,,99,,U,2,40,5,21,Frhai,10249,,friedrichshain-kreuzberg
40894,Friedenstraße,101,,101,,U,2,40,5,20,Frhai,10249,,friedrichshain-kreuzberg
40900,Friedrich-Junge-Straße,1,,29,,U,2,50,8,36,Frhai,10245,,friedrichshain-kreuzberg
40900,Friedrich-Junge-Straße,2,,30,,G,2,50,8,36,Frhai,10245,,friedrichshain-kreuzberg
40902,Friedrichsberger Straße,1,,27,,U,2,40,5,21,Frhai,10243,,friedrichshain-kreuzberg
40902,Friedrichsberger Straße,2,,26,,G,2,40,5,21,Frhai,10243,,friedrichshain-kreuzberg
1389,Friedrich-Stampfer-Straße,1,,1,,U,2,10,1,2,Kreuz,10969,,friedrichshain-kreuzberg
16228,Friedrichstraße,1,,45,,U,2,10,1,2,Kreuz,10969,,friedrichshain-kreuzberg
16228,Friedrichstraße,2,,44,,G,2,10,1,2,Kreuz,10969,,friedrichshain-kreuzberg
16228,Friedrichstraße,50,,62,,G,1,10,2,7,Mitte,10117,J,friedrichshain-kreuzberg
16228,Friedrichstraße,55,,63,,U,1,10,2,7,Mitte,10117,J,friedrichshain-kreuzberg
1588,Gneisenaustraße,3,,53,A,U,2,20,2,11,Kreuz,10961,,friedrichshain-kreuzberg
1588,Gneisenaustraße,55,,115,,U,2,20,2,10,Kreuz,10961,,friedrichshain-kreuzberg
1588,Gneisenaustraße,56,,114,,G,2,20,2,10,Kreuz,10961,,friedrichshain-kreuzberg
1625,Golßener Straße,6,,6,,G,2,20,2,11,Kreuz,10965,,friedrichshain-kreuzberg
1596,Görlitzer Straße,1,,3,,U,2,30,4,18,Kreuz,10997,,friedrichshain-kreuzberg
1596,Görlitzer Straße,2,,2,,G,2,30,4,18,Kreuz,10997,,friedrichshain-kreuzberg
1596,Görlitzer Straße,32,,74,,G,2,30,4,19,Kreuz,10997,,friedrichshain-kreuzberg
1596,Görlitzer Straße,33,,73,,U,2,30,4,19,Kreuz,10997,,friedrichshain-kreuzberg
1597,Görlitzer Ufer,1,,1,A,U,2,30,4,19,Kreuz,10997,,friedrichshain-kreuzberg
1597,Görlitzer Ufer,2,,2,,G,2,30,4,19,Kreuz,10997,,friedrichshain-kreuzberg
1653,Graefestraße,1,,27,,U,2,20,2,13,Kreuz,10967,,friedrichshain-kreuzberg
1653,Graefestraße,2,,26,A,G,2,20,2,13,Kreuz,10967,,friedrichshain-kreuzberg
1653,Graefestraße,30,,62,A,G,2,20,2,12,Kreuz,10967,,friedrichshain-kreuzberg
1653,Graefestraße,31,,63,A,U,2,20,2,12,Kreuz,10967,,friedrichshain-kreuzberg
1653,Graefestraße,65,,93,,U,2,20,2,13,Kreuz,10967,,friedrichshain-kreuzberg
1653,Graefestraße,66,,92,,G,2,20,2,13,Kreuz,10967,,friedrichshain-kreuzberg
41072,Graudenzer Straße,1,A,21,E,U,2,40,6,24,Frhai,10243,,friedrichshain-kreuzberg
41072,Graudenzer Straße,2,,20,,G,2,40,6,24,Frhai,10243,,friedrichshain-kreuzberg
1696,Grimmstraße,1,,29,,U,2,20,2,13,Kreuz,10967,,friedrichshain-kreuzberg
1696,Grimmstraße,2,,30,,G,2,20,2,13,Kreuz,10967,,friedrichshain-kreuzberg
1709,Großbeerenstraße,2,,2,,G,2,10,1,1,Kreuz,10963,,friedrichshain-kreuzberg
1709,Großbeerenstraße,3,,3,,U,2,10,1,1,Kreuz,10963,,friedrichshain-kreuzberg
1709,Großbeerenstraße,10,,26,,G,2,20,2,8,Kreuz,10963,,friedrichshain-kreuzberg
1709,Großbeerenstraße,11,,27,,U,2,20,2,8,Kreuz,10963,,friedrichshain-kreuzberg
1709,Großbeerenstraße,27,A,27,A,U,2,20,2,8,Kreuz,10965,,friedrichshain-kreuzberg
1709,Großbeerenstraße,28,B,60,,G,2,20,2,9,Kreuz,10965,,friedrichshain-kreuzberg
1709,Großbeerenstraße,29,,61,,U,2,20,2,9,Kreuz,10965,,friedrichshain-kreuzberg
1709,Großbeerenstraße,63,,83,,U,2,20,2,8,Kreuz,10963,,friedrichshain-kreuzberg
1709,Großbeerenstraße,64,,84,,G,2,20,2,8,Kreuz,10963,,friedrichshain-kreuzberg
1709,Großbeerenstraße,88,,96,,G,2,10,1,1,Kreuz,10963,,friedrichshain-kreuzberg
1709,Großbeerenstraße,89,,95,,U,2,10,1,1,Kreuz,10963,,friedrichshain-kreuzberg
41111,Grünberger Straße,1,,25,,U,2,40,6,24,Frhai,10243,,friedrichshain-kreuzberg
41111,Grünberger Straße,2,,24,,G,2,40,6,24,Frhai,10243,,friedrichshain-kreuzberg
41111,Grünberger Straße,26,,32,,G,2,40,6,24,Frhai,10245,,friedrichshain-kreuzberg
41111,Grünberger Straße,31,,91,,U,2,50,8,33,Frhai,10245,,friedrichshain-kreuzberg
41111,Grünberger Straße,34,,90,,G,2,50,8,33,Frhai,10245,,friedrichshain-kreuzberg
41124,Gryphiusstraße,1,,7,,U,2,50,8,34,Frhai,10245,,friedrichshain-kreuzberg
41124,Gryphiusstraße,2,,8,,G,2,50,8,34,Frhai,10245,,friedrichshain-kreuzberg
41124,Gryphiusstraße,9,,15,,U,2,50,8,33,Frhai,10245,,friedrichshain-kreuzberg
41124,Gryphiusstraße,10,,14,,G,2,50,8,33,Frhai,10245,,friedrichshain-kreuzberg
41124,Gryphiusstraße,16,,16,A,G,2,50,8,31,Frhai,10245,,friedrichshain-kreuzberg
41124,Gryphiusstraße,17,,17,,U,2,50,8,31,Frhai,10245,,friedrichshain-kreuzberg
41124,Gryphiusstraße,20,,26,,G,2,50,8,33,Frhai,10245,,friedrichshain-kreuzberg
41124,Gryphiusstraße,21,,27,,U,2,50,8,33,Frhai,10245,,friedrichshain-kreuzberg
41124,Gryphiusstraße,28,,34,,G,2,50,8,34,Frhai,10245,,friedrichshain-kreuzberg
41124,Gryphiusstraße,29,,29,,U,2,50,8,34,Frhai,10245,,friedrichshain-kreuzberg
41125,Gubener Straße,1,,57,,U,2,40,6,24,Frhai,10243,,friedrichshain-kreuzberg
41125,Gubener Straße,2,A,58,,G,2,40,6,24,Frhai,10243,,friedrichshain-kreuzberg
41139,Gürtelstraße,11,,41,,U,2,50,8,32,Frhai,10247,,friedrichshain-kreuzberg
41149,Haasestraße,1,,9,,U,2,50,8,34,Frhai,10245,,friedrichshain-kreuzberg
41149,Haasestraße,2,,14,,G,2,50,8,34,Frhai,10245,,friedrichshain-kreuzberg
6991,Hafenplatz,1,,7,,U,2,10,1,1,Kreuz,10963,,friedrichshain-kreuzberg
6991,Hafenplatz,2,,6,,G,2,10,1,1,Kreuz,10963,,friedrichshain-kreuzberg
1792,Hagelberger Straße,1,,57,,U,2,20,2,9,Kreuz,10965,,friedrichshain-kreuzberg
1792,Hagelberger Straße,2,,56,,G,2,20,2,9,Kreuz,10965,,friedrichshain-kreuzberg
1805,Hallesche Straße,1,,9,,U,2,10,1,1,Kreuz,10963,,friedrichshain-kreuzberg
1805,Hallesche Straße,2,,24,,G,2,10,1,1,Kreuz,10963,,friedrichshain-kreuzberg
1806,Hallesches Ufer,24,,78,,G,2,10,1,1,Kreuz,10963,,friedrichshain-kreuzberg
1851,Hasenheide,5,,57,,U,2,20,2,12,Kreuz,10967,,friedrichshain-kreuzberg
1851,Hasenheide,6,,58,,G,2,20,2,12,Kreuz,10967,,friedrichshain-kreuzberg
1851,Hasenheide,61,,119,,U,8,10,1,1,Neukö,10967,J,friedrichshain-kreuzberg
1851,Hasenheide,62,,108,A,G,8,10,1,1,Neukö,10967,J,friedrichshain-kreuzberg
41215,Hauptstraße,1,,91,,U,11,50,12,38,Rumbg,10317,J,friedrichshain-kreuzberg
41215,Hauptstraße,2,,90,,G,11,50,12,38,Rumbg,10317,J,friedrichshain-kreuzberg
41215,Hauptstraße,95,,95,,U,2,50,8,35,Frhai,10317,,friedrichshain-kreuzberg
41219,Hausburgstraße,3,,31,,U,2,50,7,26,Frhai,10249,,friedrichshain-kreuzberg
41219,Hausburgstraße,4,,30,,G,2,50,7,26,Frhai,10249,,friedrichshain-kreuzberg
41219,Hausburgstraße,32,,32,,G,3,60,14,53,Prenz,10249,J,friedrichshain-kreuzberg
1879,Heckmannufer,1,,9,,U,2,30,4,19,Kreuz,10997,,friedrichshain-kreuzberg
1879,Heckmannufer,2,,10,,G,2,30,4,19,Kreuz,10997,,friedrichshain-kreuzberg
1880,Hedemannstraße,1,,7,,U,2,10,1,1,Kreuz,10963,,friedrichshain-kreuzberg
1880,Hedemannstraße,4,,6,,G,2,10,1,1,Kreuz,10963,,friedrichshain-kreuzberg
1880,Hedemannstraße,10,,24,,G,2,10,1,2,Kreuz,10969,,friedrichshain-kreuzberg
1880,Hedemannstraße,11,,25,,U,2,10,1,2,Kreuz,10969,,friedrichshain-kreuzberg
1880,Hedemannstraße,27,,31,,U,2,10,1,1,Kreuz,10963,,friedrichshain-kreuzberg
1880,Hedemannstraße,28,,30,,G,2,10,1,1,Kreuz,10963,,friedrichshain-kreuzberg
9357,Hedwig-Wachenheim-Straße,1,,15,,U,2,40,6,25,Frhai,10243,,friedrichshain-kreuzberg
9357,Hedwig-Wachenheim-Straße,2,,14,,G,2,40,6,25,Frhai,10243,,friedrichshain-kreuzberg
41240,Heidenfeldstraße,1,,19,,U,2,50,7,26,Frhai,10249,,friedrichshain-kreuzberg
41240,Heidenfeldstraße,2,,20,,G,2,50,7,26,Frhai,10249,,friedrichshain-kreuzberg
1910,Heimstraße,1,,25,,U,2,20,2,11,Kreuz,10965,,friedrichshain-kreuzberg
1910,Heimstraße,2,,24,A,G,2,20,2,11,Kreuz,10965,,friedrichshain-kreuzberg
43775,Helenenhof,1,,7,,U,2,50,8,34,Frhai,10245,,friedrichshain-kreuzberg
43775,Helenenhof,2,,8,,G,2,50,8,34,Frhai,10245,,friedrichshain-kreuzberg
9356,Helen-Ernst-Straße,2,,14,,G,2,40,6,25,Frhai,10243,,friedrichshain-kreuzberg
41269,Helmerdingstraße,2,,8,,G,2,50,8,34,Frhai,10245,,friedrichshain-kreuzberg
41269,Helmerdingstraße,3,,7,,U,2,50,8,34,Frhai,10245,,friedrichshain-kreuzberg
41274,Helsingforser Straße,10,,10,,G,2,40,6,24,Frhai,10243,,friedrichshain-kreuzberg
41274,Helsingforser Straße,11,,39,,U,2,40,6,24,Frhai,10243,,friedrichshain-kreuzberg
41305,Hildegard-Jadamowitz-Straße,1,,25,,U,2,40,6,24,Frhai,10243,,friedrichshain-kreuzberg
41305,Hildegard-Jadamowitz-Straße,18,,26,,G,2,40,6,24,Frhai,10243,,friedrichshain-kreuzberg
41328,Höchste Straße,4,,16,,G,2,40,5,20,Frhai,10249,,friedrichshain-kreuzberg
41328,Höchste Straße,9,,23,,U,2,40,5,20,Frhai,10249,,friedrichshain-kreuzberg
41354,Holteistraße,2,,6,,G,2,50,8,34,Frhai,10245,,friedrichshain-kreuzberg
41354,Holteistraße,3,,5,,U,2,50,8,34,Frhai,10245,,friedrichshain-kreuzberg
41354,Holteistraße,10,,12,,G,2,50,8,33,Frhai,10245,,friedrichshain-kreuzberg
2468,Kloedenstraße,1,,7,,U,2,20,2,11,Kreuz,10965,,friedrichshain-kreuzberg
2468,Kloedenstraße,2,,8,,G,2,20,2,11,Kreuz,10965,,friedrichshain-kreuzberg
41590,Knorrpromenade,1,,9,,U,2,50,8,33,Frhai,10245,,friedrichshain-kreuzberg
41590,Knorrpromenade,2,,10,,G,2,50,8,33,Frhai,10245,,friedrichshain-kreuzberg
41593,Kochhannstraße,1,,9,A,U,2,40,5,22,Frhai,10249,,friedrichshain-kreuzberg
41593,Kochhannstraße,2,,8,,G,2,40,5,22,Frhai,10249,,friedrichshain-kreuzberg
41593,Kochhannstraße,10,,34,,G,2,50,7,26,Frhai,10249,,friedrichshain-kreuzberg
41593,Kochhannstraße,11,,33,,U,2,50,7,26,Frhai,10249,,friedrichshain-kreuzberg
41593,Kochhannstraße,35,,39,A,U,2,40,5,22,Frhai,10249,,friedrichshain-kreuzberg
41593,Kochhannstraße,36,,40,,G,2,40,5,22,Frhai,10249,,friedrichshain-kreuzberg
2494,Kochstraße,1,,29,,U,2,10,1,2,Kreuz,10969,,friedrichshain-kreuzberg
2494,Kochstraße,2,,28,,G,2,10,1,2,Kreuz,10969,,friedrichshain-kreuzberg
2528,Kohlfurter Straße,1,,45,,U,2,10,1,6,Kreuz,10999,,friedrichshain-kreuzberg
2528,Kohlfurter Straße,2,,48,,G,2,10,1,6,Kreuz,10999,,friedrichshain-kreuzberg
16238,Kommandantenstraße,15,,15,,U,2,10,1,3,Kreuz,10969,,friedrichshain-kreuzberg
16238,Kommandantenstraße,18,,22,,G,2,10,1,3,Kreuz,10969,,friedrichshain-kreuzberg
16238,Kommandantenstraße,23,,61,,U,2,10,1,4,Kreuz,10969,,friedrichshain-kreuzberg
16238,Kommandantenstraße,24,,62,,G,2,10,1,4,Kreuz,10969,,friedrichshain-kreuzberg
16238,Kommandantenstraße,70,,80,,G,1,10,2,7,Mitte,10117,J,friedrichshain-kreuzberg
16238,Kommandantenstraße,71,,79,,U,1,10,2,7,Mitte,10117,J,friedrichshain-kreuzberg
41612,Konitzer Straße,1,,1,,U,2,50,8,34,Frhai,10245,,friedrichshain-kreuzberg
41612,Konitzer Straße,2,,2,,G,2,50,8,34,Frhai,10245,,friedrichshain-kreuzberg
16236,Köpenicker Straße,1,,29,,U,2,30,3,16,Kreuz,10997,,friedrichshain-kreuzberg
16236,Köpenicker Straße,2,,28,,G,2,30,3,16,Kreuz,10997,,friedrichshain-kreuzberg
16236,Köpenicker Straße,30,,76,,G,1,10,3,13,Mitte,10179,J,friedrichshain-kreuzberg
16236,Köpenicker Straße,31,,75,,U,1,10,3,13,Mitte,10179,J,friedrichshain-kreuzberg
16236,Köpenicker Straße,77,,101,,U,1,10,3,12,Mitte,10179,J,friedrichshain-kreuzberg
16236,Köpenicker Straße,80,,100,,G,1,10,3,12,Mitte,10179,J,friedrichshain-kreuzberg
16236,Köpenicker Straße,102,,140,,G,1,10,3,13,Mitte,10179,J,friedrichshain-kreuzberg
16236,Köpenicker Straße,103,,141,,U,1,10,3,13,Mitte,10179,J,friedrichshain-kreuzberg
16236,Köpenicker Straße,143,,195,A,U,2,30,3,16,Kreuz,10997,,friedrichshain-kreuzberg
16236,Köpenicker Straße,146,,194,,G,2,30,3,16,Kreuz,10997,,friedrichshain-kreuzberg
41623,Kopernikusstraße,1,,5,,U,2,40,6,24,Frhai,10243,,friedrichshain-kreuzberg
41623,Kopernikusstraße,2,,6,,G,2,40,6,24,Frhai,10243,,friedrichshain-kreuzberg
41623,Kopernikusstraße,7,,17,,U,2,50,8,34,Frhai,10245,,friedrichshain-kreuzberg
41623,Kopernikusstraße,8,,16,,G,2,50,8,34,Frhai,10245,,friedrichshain-kreuzberg
41623,Kopernikusstraße,18,,30,,G,2,50,8,33,Frhai,10245,,friedrichshain-kreuzberg
41623,Kopernikusstraße,19,,29,,U,2,50,8,33,Frhai,10245,,friedrichshain-kreuzberg
41623,Kopernikusstraße,31,,37,,U,2,40,6,24,Frhai,10243,,friedrichshain-kreuzberg
41623,Kopernikusstraße,32,,36,,G,2,40,6,24,Frhai,10243,,friedrichshain-kreuzberg
2553,Kopischstraße,1,,9,,U,2,20,2,11,Kreuz,10965,,friedrichshain-kreuzberg
2553,Kopischstraße,2,,10,,G,2,20,2,11,Kreuz,10965,,friedrichshain-kreuzberg
41625,Koppenstraße,3,,33,,U,2,40,6,23,Frhai,10243,,friedrichshain-kreuzberg
41625,Koppenstraße,8,,32,,G,2,40,6,23,Frhai,10243,,friedrichshain-kreuzberg
41625,Koppenstraße,38,,48,,G,2,40,5,21,Frhai,10243,,friedrichshain-kreuzberg
41625,Koppenstraße,39,,49,,U,2,40,5,21,Frhai,10243,,friedrichshain-kreuzberg
41625,Koppenstraße,53,,93,,U,2,40,6,23,Frhai,10243,,friedrichshain-kreuzberg
41625,Koppenstraße,54,,86,,G,2,40,6,23,Frhai,10243,,friedrichshain-kreuzberg
2953,Mariannenstraße,2,,6,,G,2,30,3,14,Kreuz,10997,,friedrichshain-kreuzberg
2953,Mariannenstraße,5,,7,A,U,2,30,3,14,Kreuz,10997,,friedrichshain-kreuzberg
2953,Mariannenstraße,8,,10,,G,2,30,3,14,Kreuz,10999,,friedrichshain-kreuzberg
2953,Mariannenstraße,9,,11,,U,2,30,3,14,Kreuz,10999,,friedrichshain-kreuzberg
2953,Mariannenstraße,12,,40,,G,2,30,4,17,Kreuz,10999,,friedrichshain-kreuzberg
2953,Mariannenstraße,13,,41,,U,2,30,4,17,Kreuz,10999,,friedrichshain-kreuzberg
2953,Mariannenstraße,45,,45,,U,2,30,3,15,Kreuz,10999,,friedrichshain-kreuzberg
2953,Mariannenstraße,46,,46,,G,2,30,3,15,Kreuz,10999,,friedrichshain-kreuzberg
2953,Mariannenstraße,47,,53,,U,2,30,3,15,Kreuz,10997,,friedrichshain-kreuzberg
2953,Mariannenstraße,48,,52,,G,2,30,3,15,Kreuz,10997,,friedrichshain-kreuzberg
41899,Markgrafendamm,1,,37,,U,2,50,8,35,Frhai,10245,,friedrichshain-kreuzberg
41899,Markgrafendamm,2,,36,,G,2,50,8,35,Frhai,10245,,friedrichshain-kreuzberg
16244,Markgrafenstraße,5,,19,A,U,2,10,1,2,Kreuz,10969,,friedrichshain-kreuzberg
16244,Markgrafenstraße,6,,20,,G,2,10,1,2,Kreuz,10969,,friedrichshain-kreuzberg
16244,Markgrafenstraße,22,,32,,G,1,10,2,7,Mitte,10117,J,friedrichshain-kreuzberg
16244,Markgrafenstraße,23,,33,,U,1,10,2,7,Mitte,10117,J,friedrichshain-kreuzberg
16244,Markgrafenstraße,34,,46,,G,1,10,2,6,Mitte,10117,J,friedrichshain-kreuzberg
16244,Markgrafenstraße,35,,47,,U,1,10,2,6,Mitte,10117,J,friedrichshain-kreuzberg
16244,Markgrafenstraße,53,,57,,U,1,10,2,7,Mitte,10117,J,friedrichshain-kreuzberg
16244,Markgrafenstraße,56,,58,,G,1,10,2,7,Mitte,10117,J,friedrichshain-kreuzberg
16244,Markgrafenstraße,62,,88,,G,2,10,1,2,Kreuz,10969,,friedrichshain-kreuzberg
16244,Markgrafenstraße,63,,87,,U,2,10,1,2,Kreuz,10969,,friedrichshain-kreuzberg
41920,Matkowskystraße,2,,4,,G,2,50,8,34,Frhai,10245,,friedrichshain-kreuzberg
41921,Matternstraße,1,,19,,U,2,50,7,26,Frhai,10249,,friedrichshain-kreuzberg
41921,Matternstraße,2,,20,,G,2,50,7,26,Frhai,10249,,friedrichshain-kreuzberg
41923,Matthiasstraße,2,,12,,G,2,40,5,21,Frhai,10249,,friedrichshain-kreuzberg
41923,Matthiasstraße,3,,11,,U,2,40,5,21,Frhai,10249,,friedrichshain-kreuzberg
9994,May-Ayim-Ufer,2,,6,,G,2,30,3,16,Kreuz,10997,,friedrichshain-kreuzberg
9994,May-Ayim-Ufer,9,,9,,U,2,30,3,16,Kreuz,10997,,friedrichshain-kreuzberg
3026,Mehringdamm,8,,38,,G,2,20,2,8,Kreuz,10961,,friedrichshain-kreuzberg
3026,Mehringdamm,13,,35,,U,2,20,2,10,Kreuz,10961,,friedrichshain-kreuzberg
3026,Mehringdamm,39,,69,,U,2,20,2,11,Kreuz,10961,,friedrichshain-kreuzberg
3026,Mehringdamm,40,,72,,G,2,20,2,9,Kreuz,10961,,friedrichshain-kreuzberg
3026,Mehringdamm,73,,121,,U,2,20,2,11,Kreuz,10965,,friedrichshain-kreuzberg
3026,Mehringdamm,80,,128,,G,2,20,2,9,Kreuz,10965,,friedrichshain-kreuzberg
3026,Mehringdamm,129,,129,D,U,7,40,7,21,Temph,10965,J,friedrichshain-kreuzberg
7075,Mehringplatz,5,,35,,U,2,10,1,2,Kreuz,10969,,friedrichshain-kreuzberg
7075,Mehringplatz,6,,36,,G,2,10,1,2,Kreuz,10969,,friedrichshain-kreuzberg
10980,Mercedes-Platz,1,,1,,U,2,40,6,25,Frhai,10243,,friedrichshain-kreuzberg
10980,Mercedes-Platz,2,,2,,G,2,40,6,25,Frhai,10243,,friedrichshain-kreuzberg
3065,Methfesselstraße,2,,50,,G,2,20,2,9,Kreuz,10965,,friedrichshain-kreuzberg
3065,Methfesselstraße,5,,49,,U,2,20,2,9,Kreuz,10965,,friedrichshain-kreuzberg
9355,Mildred-Harnack-Straße,2,,10,,G,2,40,6,25,Frhai,10243,,friedrichshain-kreuzberg
9355,Mildred-Harnack-Straße,11,,15,,U,2,40,6,25,Frhai,10243,,friedrichshain-kreuzberg
3095,Mittenwalder Straße,1,,19,,U,2,20,2,10,Kreuz,10961,,friedrichshain-kreuzberg
3095,Mittenwalder Straße,2,,20,,G,2,20,2,10,Kreuz,10961,,friedrichshain-kreuzberg
3095,Mittenwalder Straße,23,,41,,U,2,20,2,11,Kreuz,10961,,friedrichshain-kreuzberg
3095,Mittenwalder Straße,24,,40,,G,2,20,2,11,Kreuz,10961,,friedrichshain-kreuzberg
3414,Paul-Lincke-Ufer,24,,44,A,G,2,30,4,17,Kreuz,10999,,friedrichshain-kreuzberg
42225,Persiusstraße,6,,18,,G,2,50,8,35,Frhai,10245,,friedrichshain-kreuzberg
42225,Persiusstraße,7,,19,,U,2,50,8,35,Frhai,10245,,friedrichshain-kreuzberg
44665,Petersburger Platz,1,,9,,U,2,40,5,22,Frhai,10249,,friedrichshain-kreuzberg
44665,Petersburger Platz,2,,8,B,G,2,40,5,22,Frhai,10249,,friedrichshain-kreuzberg
44833,Petersburger Straße,1,,77,,U,2,50,7,26,Frhai,10249,,friedrichshain-kreuzberg
44833,Petersburger Straße,2,,78,,G,2,40,5,22,Frhai,10249,,friedrichshain-kreuzberg
44833,Petersburger Straße,81,,99,,U,2,50,7,27,Frhai,10247,,friedrichshain-kreuzberg
44833,Petersburger Straße,86,,96,,G,2,40,5,22,Frhai,10247,,friedrichshain-kreuzberg
42236,Pettenkoferstraße,1,,51,,U,2,50,7,29,Frhai,10247,,friedrichshain-kreuzberg
42236,Pettenkoferstraße,2,A,52,,G,2,50,7,29,Frhai,10247,,friedrichshain-kreuzberg
3459,Pfuelstraße,1,,5,,U,2,30,3,16,Kreuz,10997,,friedrichshain-kreuzberg
3459,Pfuelstraße,2,,6,,G,2,30,3,16,Kreuz,10997,,friedrichshain-kreuzberg
42256,Pillauer Straße,4,,6,,G,2,40,6,24,Frhai,10243,,friedrichshain-kreuzberg
42256,Pillauer Straße,5,,7,A,U,2,40,6,24,Frhai,10243,,friedrichshain-kreuzberg
42259,Pintschstraße,1,,23,,U,2,40,5,22,Frhai,10249,,friedrichshain-kreuzberg
42259,Pintschstraße,2,,22,,G,2,40,5,22,Frhai,10249,,friedrichshain-kreuzberg
3479,Planufer,77,,95,,U,2,20,2,13,Kreuz,10967,,friedrichshain-kreuzberg
3479,Planufer,78,,96,,G,2,20,2,13,Kreuz,10967,,friedrichshain-kreuzberg
44797,Platz der Vereinten Nationen,1,,1,,U,2,40,5,20,Frhai,10249,,friedrichshain-kreuzberg
44797,Platz der Vereinten Nationen,2,,2,,G,2,40,5,20,Frhai,10249,,friedrichshain-kreuzberg
44797,Platz der Vereinten Nationen,3,,11,,U,2,40,5,21,Frhai,10249,,friedrichshain-kreuzberg
44797,Platz der Vereinten Nationen,4,,12,,G,2,40,5,21,Frhai,10249,,friedrichshain-kreuzberg
44797,Platz der Vereinten Nationen,14,,32,,G,2,40,5,20,Frhai,10249,,friedrichshain-kreuzberg
44797,Platz der Vereinten Nationen,15,,31,,U,2,40,5,20,Frhai,10249,,friedrichshain-kreuzberg
3535,Prinzenstraße,1,,1,,U,2,10,1,6,Kreuz,10969,,friedrichshain-kreuzberg
3535,Prinzenstraße,8,,24,,G,2,10,1,5,Kreuz,10969,,friedrichshain-kreuzberg
3535,Prinzenstraße,11,,25,,U,2,10,1,5,Kreuz,10969,,friedrichshain-kreuzberg
3535,Prinzenstraße,29,,89,,U,2,10,1,4,Kreuz,10969,,friedrichshain-kreuzberg
3535,Prinzenstraße,32,,88,,G,2,10,1,4,Kreuz,10969,,friedrichshain-kreuzberg
3535,Prinzenstraße,93,,105,,U,2,10,1,5,Kreuz,10969,,friedrichshain-kreuzberg
3535,Prinzenstraße,96,,104,,G,2,10,1,5,Kreuz,10969,,friedrichshain-kreuzberg
3535,Prinzenstraße,113,,113,,U,2,10,1,6,Kreuz,10969,,friedrichshain-kreuzberg
3535,Prinzenstraße,118,,118,,G,2,10,1,6,Kreuz,10969,,friedrichshain-kreuzberg
3538,Prinzessinnenstraße,1,,29,,U,2,10,1,4,Kreuz,10969,,friedrichshain-kreuzberg
3538,Prinzessinnenstraße,2,,32,,G,2,10,1,4,Kreuz,10969,,friedrichshain-kreuzberg
42330,Proskauer Straße,1,,19,,U,2,50,7,28,Frhai,10247,,friedrichshain-kreuzberg
42330,Proskauer Straße,2,,20,,G,2,50,7,28,Frhai,10247,,friedrichshain-kreuzberg
42330,Proskauer Straße,21,,37,,U,2,50,7,27,Frhai,10247,,friedrichshain-kreuzberg
42330,Proskauer Straße,22,,38,,G,2,50,7,27,Frhai,10247,,friedrichshain-kreuzberg
3557,Pücklerstraße,12,,16,,G,2,30,3,16,Kreuz,10997,,friedrichshain-kreuzberg
3557,Pücklerstraße,13,,15,,U,2,30,3,16,Kreuz,10997,,friedrichshain-kreuzberg
3557,Pücklerstraße,17,,35,,U,2,30,3,15,Kreuz,10997,,friedrichshain-kreuzberg
3557,Pücklerstraße,18,,36,,G,2,30,3,15,Kreuz,10997,,friedrichshain-kreuzberg
3557,Pücklerstraße,37,,51,,U,2,30,3,16,Kreuz,10997,,friedrichshain-kreuzberg
3557,Pücklerstraße,38,,44,,G,2,30,3,16,Kreuz,10997,,friedrichshain-kreuzberg
42335,Pufendorfstraße,2,,10,,G,2,40,5,21,Frhai,10249,,friedrichshain-kreuzberg
42335,Pufendorfstraße,3,,11,,U,2,40,5,21,Frhai,10249,,friedrichshain-kreuzberg
3566,Puttkamerstraße,2,,16,,G,2,10,1,2,Kreuz,10969,,friedrichshain-kreuzberg
8428,Rahel-Varnhagen-Promenade,1,,3,,U,2,10,1,2,Kreuz,10969,,friedrichshain-kreuzberg
8428,Rahel-Varnhagen-Promenade,2,,4,,G,2,10,1,2,Kreuz,10969,,friedrichshain-kreuzberg
3608,Ratiborstraße,1,,19,,U,2,30,4,18,Kreuz,10999,,friedrichshain-kreuzberg
3608,Ratiborstraße,2,,20,,G,2,30,4,18,Kreuz,10999,,friedrichshain-kreuzberg
3637,Reichenberger Straße,1,,9,,U,2,10,1,5,Kreuz,10999,,friedrichshain-kreuzberg
3637,Reichenberger Straße,2,,10,,G,2,10,1,5,Kreuz,10999,,friedrichshain-kreuzberg
3637,Reichenberger Straße,18,,62,,G,2,30,4,17,Kreuz,10999,,friedrichshain-kreuzberg
3637,Reichenberger Straße,19,,61,A,U,2,30,4,17,Kreuz,10999,,friedrichshain-kreuzberg
3637,Reichenberger Straße,63,,127,,U,2,30,4,18,Kreuz,10999,,friedrichshain-kreuzberg
3637,Reichenberger Straße,64,,126,,G,2,30,4,18,Kreuz,10999,,friedrichshain-kreuzberg
3637,Reichenberger Straße,129,,165,,U,2,30,4,17,Kreuz,10999,,friedrichshain-kreuzberg
3637,Reichenberger Straße,130,,170,,G,2,30,4,17,Kreuz,10999,,friedrichshain-kreuzberg
3637,Reichenberger Straße,174,,184,,G,2,30,3,14,Kreuz,10999,,friedrichshain-kreuzberg
3637,Reichenberger Straße,175,,185,,U,2,30,3,14,Kreuz,10999,,friedrichshain-kreuzberg
42394,Revaler Straße,1,,1,,U,2,40,6,24,Frhai,10243,,friedrichshain-kreuzberg
42394,Revaler Straße,2,,2,,G,2,40,6,24,Frhai,10243,,friedrichshain-kreuzberg
42394,Revaler Straße,6,,34,,G,2,50,8,34,Frhai,10245,,friedrichshain-kreuzberg
42394,Revaler Straße,7,,99,,U,2,50,8,34,Frhai,10245,,friedrichshain-kreuzberg
42394,Revaler Straße,100,,102,,G,2,40,6,24,Frhai,10243,,friedrichshain-kreuzberg
42394,Revaler Straße,101,,101,,U,2,40,6,24,Frhai,10243,,friedrichshain-kreuzberg
43319,Richard-Sorge-Straße,8,,84,,G,2,40,5,22,Frhai,10249,,friedrichshain-kreuzberg
43319,Richard-Sorge-Straße,9,,83,,U,2,40,5,22,Frhai,10249,,friedrichshain-kreuzberg
3708,Riemannstraße,1,,21,,U,2,20,2,11,Kreuz,10961,,friedrichshain-kreuzberg
3708,Riemannstraße,2,,26,,G,2,20,2,11,Kreuz,10961,,friedrichshain-kreuzberg
42414,Rigaer Straße,1,,23,,U,2,50,7,27,Frhai,10247,,friedrichshain-kreuzberg
42414,Rigaer Straße,2,,22,C,G,2,50,7,27,Frhai,10247,,friedrichshain-kreuzberg
42414,Rigaer Straße,24,,42,A,G,2,50,7,28,Frhai,10247,,friedrichshain-kreuzberg
42414,Rigaer Straße,25,,41,,U,2,50,7,28,Frhai,10247,,friedrichshain-kreuzberg
42414,Rigaer Straße,43,,67,,U,2,50,7,29,Frhai,10247,,friedrichshain-kreuzberg
42414,Rigaer Straße,44,,66,,G,2,50,7,29,Frhai,10247,,friedrichshain-kreuzberg
42414,Rigaer Straße,68,,84,,G,2,50,7,28,Frhai,10247,,friedrichshain-kreuzberg
42414,Rigaer Straße,69,,83,,U,2,50,7,28,Frhai,10247,,friedrichshain-kreuzberg
42414,Rigaer Straße,85,,107,,U,2,50,7,27,Frhai,10247,,friedrichshain-kreuzberg
42414,Rigaer Straße,86,,108,,G,2,50,7,27,Frhai,10247,,friedrichshain-kreuzberg
3728,Ritterstraße,1,,35,,U,2,10,1,4,Kreuz,10969,,friedrichshain-kreuzberg
3728,Ritterstraße,2,,36,,G,2,10,1,4,Kreuz,10969,,friedrichshain-kreuzberg
3728,Ritterstraße,38,,78,,G,2,10,1,3,Kreuz,10969,,friedrichshain-kreuzberg
3728,Ritterstraße,39,,69,,U,2,10,1,3,Kreuz,10969,,friedrichshain-kreuzberg
3728,Ritterstraße,90,,126,,G,2,10,1,5,Kreuz,10969,,friedrichshain-kreuzberg
3728,Ritterstraße,95,,127,,U,2,10,1,5,Kreuz,10969,,friedrichshain-kreuzberg
42426,Rochowstraße,1,A,23,,U,2,50,8,35,Frhai,10245,,friedrichshain-kreuzberg
42426,Rochowstraße,2,,24,A,G,2,50,8,35,Frhai,10245,,friedrichshain-kreuzberg
42471,Rotherstraße,1,,29,,U,2,50,8,35,Frhai,10245,,friedrichshain-kreuzberg
42471,Rotherstraße,2,,30,,G,2,50,8,35,Frhai,10245,,friedrichshain-kreuzberg
44745,Rüdersdorfer Straße,8,,28,,G,2,40,6,23,Frhai,10243,,friedrichshain-kreuzberg
44745,Rüdersdorfer Straße,9,,29,,U,2,40,6,23,Frhai,10243,,friedrichshain-kreuzberg
44745,Rüdersdorfer Straße,40,,64,,G,2,40,6,24,Frhai,10243,,friedrichshain-kreuzberg
16252,Sebastianstraße,1,,3,,U,1,10,3,13,Mitte,10179,J,friedrichshain-kreuzberg
16252,Sebastianstraße,2,,4,,G,1,10,3,13,Mitte,10179,J,friedrichshain-kreuzberg
16252,Sebastianstraße,13,,57,,U,1,10,3,12,Mitte,10179,J,friedrichshain-kreuzberg
16252,Sebastianstraße,14,,44,,G,1,10,3,12,Mitte,10179,J,friedrichshain-kreuzberg
16252,Sebastianstraße,69,,87,,U,2,10,1,4,Kreuz,10969,,friedrichshain-kreuzberg
16252,Sebastianstraße,70,,88,,G,2,10,1,4,Kreuz,10969,,friedrichshain-kreuzberg
4122,Segitzdamm,2,,14,,G,2,10,1,4,Kreuz,10969,,friedrichshain-kreuzberg
4122,Segitzdamm,20,,38,A,G,2,10,1,5,Kreuz,10969,,friedrichshain-kreuzberg
4122,Segitzdamm,44,,60,,G,2,10,1,6,Kreuz,10969,,friedrichshain-kreuzberg
42685,Seumestraße,1,,5,,U,2,50,8,34,Frhai,10245,,friedrichshain-kreuzberg
42685,Seumestraße,2,,4,,G,2,50,8,34,Frhai,10245,,friedrichshain-kreuzberg
42685,Seumestraße,7,,25,,U,2,50,8,33,Frhai,10245,,friedrichshain-kreuzberg
42685,Seumestraße,8,,26,,G,2,50,8,33,Frhai,10245,,friedrichshain-kreuzberg
42685,Seumestraße,27,,31,,U,2,50,8,34,Frhai,10245,,friedrichshain-kreuzberg
42685,Seumestraße,28,,30,,G,2,50,8,34,Frhai,10245,,friedrichshain-kreuzberg
11102,Siegfried-Hirschmann-Park,1,,1,,U,2,50,8,32,Frhai,10247,,friedrichshain-kreuzberg
11102,Siegfried-Hirschmann-Park,2,,10,,G,2,50,8,32,Frhai,10245,,friedrichshain-kreuzberg
11102,Siegfried-Hirschmann-Park,3,,11,,U,2,50,8,32,Frhai,10245,,friedrichshain-kreuzberg
10778,Silvio-Meier-Straße,1,,15,,U,2,50,7,28,Frhai,10247,,friedrichshain-kreuzberg
10778,Silvio-Meier-Straße,2,,16,,G,2,50,7,28,Frhai,10247,,friedrichshain-kreuzberg
42704,Simon-Dach-Straße,1,,13,,U,2,50,8,33,Frhai,10245,,friedrichshain-kreuzberg
42704,Simon-Dach-Straße,2,,14,,G,2,50,8,33,Frhai,10245,,friedrichshain-kreuzberg
42704,Simon-Dach-Straße,15,,33,,U,2,50,8,34,Frhai,10245,,friedrichshain-kreuzberg
42704,Simon-Dach-Straße,16,,34,,G,2,50,8,34,Frhai,10245,,friedrichshain-kreuzberg
42704,Simon-Dach-Straße,35,,45,,U,2,50,8,33,Frhai,10245,,friedrichshain-kreuzberg
42704,Simon-Dach-Straße,36,,46,,G,2,50,8,33,Frhai,10245,,friedrichshain-kreuzberg
42705,Simplonstraße,2,,62,,G,2,50,8,34,Frhai,10245,,friedrichshain-kreuzberg
42705,Simplonstraße,11,,67,,U,2,50,8,34,Frhai,10245,,friedrichshain-kreuzberg
42707,Singerstraße,1,,1,A,U,1,10,3,11,Mitte,10179,J,friedrichshain-kreuzberg
42707,Singerstraße,2,,10,,G,1,10,3,11,Mitte,10179,J,friedrichshain-kreuzberg
42707,Singerstraße,19,,87,,U,2,40,6,23,Frhai,10243,,friedrichshain-kreuzberg
42707,Singerstraße,20,,80,,G,2,40,6,23,Frhai,10243,,friedrichshain-kreuzberg
42707,Singerstraße,109,,121,,U,1,10,3,11,Mitte,10179,J,friedrichshain-kreuzberg
42707,Singerstraße,110,,120,,G,1,10,3,11,Mitte,10179,J,friedrichshain-kreuzberg
8765,Sixtusgarten,1,,9,,U,2,20,2,9,Kreuz,10965,,friedrichshain-kreuzberg
8765,Sixtusgarten,2,,10,,G,2,20,2,9,Kreuz,10965,,friedrichshain-kreuzberg
4193,Skalitzer Straße,2,,6,,G,2,10,1,6,Kreuz,10999,,friedrichshain-kreuzberg
4193,Skalitzer Straße,3,,5,,U,2,10,1,6,Kreuz,10999,,friedrichshain-kreuzberg
4193,Skalitzer Straße,15,,35,,U,2,30,4,17,Kreuz,10999,,friedrichshain-kreuzberg
4193,Skalitzer Straße,18,,38,,G,2,30,4,17,Kreuz,10999,,friedrichshain-kreuzberg
4193,Skalitzer Straße,39,,45,,U,2,30,4,17,Kreuz,10997,,friedrichshain-kreuzberg
4193,Skalitzer Straße,42,,46,B,G,2,30,4,17,Kreuz,10997,,friedrichshain-kreuzberg
4193,Skalitzer Straße,48,,72,,G,2,30,4,19,Kreuz,10997,,friedrichshain-kreuzberg
4193,Skalitzer Straße,49,,71,,U,2,30,4,19,Kreuz,10997,,friedrichshain-kreuzberg
4193,Skalitzer Straße,73,,83,,U,2,30,3,16,Kreuz,10997,,friedrichshain-kreuzberg
4193,Skalitzer Straße,74,,82,,G,2,30,3,16,Kreuz,10997,,friedrichshain-kreuzberg
4193,Skalitzer Straße,85,,107,,U,2,30,3,15,Kreuz,10997,,friedrichshain-kreuzberg
4193,Skalitzer Straße,86,,106,,G,2,30,3,15,Kreuz,10997,,friedrichshain-kreuzberg
16255,Stallschreiberstraße,16,,32,A,G,1,10,3,12,Mitte,10179,J,friedrichshain-kreuzberg
16255,Stallschreiberstraße,39,,55,,U,2,10,1,4,Kreuz,10969,,friedrichshain-kreuzberg
16255,Stallschreiberstraße,40,,54,,G,2,10,1,4,Kreuz,10969,,friedrichshain-kreuzberg
42797,Stralauer Allee,1,,39,,U,2,50,8,35,Frhai,10245,,friedrichshain-kreuzberg
42797,Stralauer Allee,2,,44,,G,2,50,8,35,Frhai,10245,,friedrichshain-kreuzberg
42798,Stralauer Platz,12,,38,,G,2,40,6,23,Frhai,10243,,friedrichshain-kreuzberg
42798,Stralauer Platz,29,,39,,U,2,40,6,23,Frhai,10243,,friedrichshain-kreuzberg
40923,Straße der Pariser Kommune,1,,1,,U,2,40,6,25,Frhai,10243,,friedrichshain-kreuzberg
40923,Straße der Pariser Kommune,2,,20,E,G,2,40,6,25,Frhai,10243,,friedrichshain-kreuzberg
40923,Straße der Pariser Kommune,5,,43,,U,2,40,6,23,Frhai,10243,,friedrichshain-kreuzberg
40923,Straße der Pariser Kommune,22,,40,,G,2,40,6,24,Frhai,10243,,friedrichshain-kreuzberg
43242,Straßmannstraße,1,,21,,U,2,40,5,22,Frhai,10249,,friedrichshain-kreuzberg
43242,Straßmannstraße,2,,18,,G,2,40,5,22,Frhai,10249,,friedrichshain-kreuzberg
43242,Straßmannstraße,23,,49,,U,2,50,7,26,Frhai,10249,,friedrichshain-kreuzberg
43242,Straßmannstraße,24,,50,,G,2,50,7,26,Frhai,10249,,friedrichshain-kreuzberg
43244,Strausberger Platz,1,,9,,U,2,40,5,21,Frhai,10243,,friedrichshain-kreuzberg
43244,Strausberger Platz,2,,8,,G,2,40,5,21,Frhai,10243,,friedrichshain-kreuzberg
43244,Strausberger Platz,10,,18,,G,2,40,6,23,Frhai,10243,,friedrichshain-kreuzberg
43244,Strausberger Platz,11,,19,,U,2,40,6,23,Frhai,10243,,friedrichshain-kreuzberg
43246,Strausberger Straße,3,,49,,U,2,40,5,21,Frhai,10243,,friedrichshain-kreuzberg
43246,Strausberger Straße,4,,52,,G,2,40,5,21,Frhai,10243,,friedrichshain-kreuzberg
16257,Stresemannstraße,15,,127,,U,2,10,1,1,Kreuz,10963,,friedrichshain-kreuzberg
16257,Stresemannstraße,28,,110,,G,2,10,1,1,Kreuz,10963,,friedrichshain-kreuzberg
16257,Stresemannstraße,120,,130,,G,1,10,2,5,Mitte,10117,J,friedrichshain-kreuzberg
4379,Südstern,2,,4,,G,2,20,2,10,Kreuz,10961,,friedrichshain-kreuzberg
4379,Südstern,6,,14,,G,2,20,2,11,Kreuz,10961,,friedrichshain-kreuzberg
5414,Taborstraße,1,,23,,U,2,30,4,19,Kreuz,10997,,friedrichshain-kreuzberg
5414,Taborstraße,4,,24,,G,2,30,4,19,Kreuz,10997,,friedrichshain-kreuzberg
9358,Tamara-Danz-Straße,1,,15,,U,2,40,6,25,Frhai,10243,,friedrichshain-kreuzberg
4443,Tempelherrenstraße,1,,21,,U,2,20,2,10,Kreuz,10961,,friedrichshain-kreuzberg
4443,Tempelherrenstraße,2,,22,,G,2,20,2,10,Kreuz,10961,,friedrichshain-kreuzberg
4445,Tempelhofer Ufer,1,,1,B,U,2,20,2,10,Kreuz,10961,,friedrichshain-kreuzberg
4445,Tempelhofer Ufer,5,,25,,U,2,20,2,8,Kreuz,10963,,friedrichshain-kreuzberg
4445,Tempelhofer Ufer,6,,24,,G,2,20,2,8,Kreuz,10963,,friedrichshain-kreuzberg
4445,Tempelhofer Ufer,31,,37,,U,2,20,2,7,Kreuz,10963,,friedrichshain-kreuzberg
4445,Tempelhofer Ufer,32,,36,,G,2,20,2,7,Kreuz,10963,,friedrichshain-kreuzberg
43298,Thaerstraße,16,,24,,G,2,50,7,27,Frhai,10249,,friedrichshain-kreuzberg
43298,Thaerstraße,17,,25,,U,2,50,7,27,Frhai,10249,,friedrichshain-kreuzberg
43298,Thaerstraße,26,,30,D,G,3,60,14,53,Prenz,10249,J,friedrichshain-kreuzberg
43298,Thaerstraße,27,,31,,U,3,60,14,53,Prenz,10249,J,friedrichshain-kreuzberg
43298,Thaerstraße,32,,46,,G,2,50,7,26,Frhai,10249,,friedrichshain-kreuzberg
43298,Thaerstraße,33,,47,,U,2,50,7,26,Frhai,10249,,friedrichshain-kreuzberg
8767,Tivoliplatz,1,,9,,U,2,20,2,9,Kreuz,10965,,friedrichshain-kreuzberg
8767,Tivoliplatz,2,,8,,G,2,20,2,9,Kreuz,10965,,friedrichshain-kreuzberg
43330,Torellstraße,1,,7,,U,2,40,6,24,Frhai,10243,,friedrichshain-kreuzberg
43330,Torellstraße,2,,6,,G,2,40,6,24,Frhai,10243,,friedrichshain-kreuzberg
43336,Travestraße,1,,3,,U,2,50,8,32,Frhai,10247,,friedrichshain-kreuzberg
43336,Travestraße,2,,4,,G,2,50,8,32,Frhai,10247,,friedrichshain-kreuzberg
4534,Trebbiner Straße,9,,9,,U,2,20,2,7,Kreuz,10963,,friedrichshain-kreuzberg
43359,Tunnelstraße,1,,49,C,U,2,50,8,36,Frhai,10245,,friedrichshain-kreuzberg
43359,Tunnelstraße,2,,48,C,G,2,50,8,36,Frhai,10245,,friedrichshain-kreuzberg
4607,Urbanstraße,1,,21,,U,2,20,2,10,Kreuz,10961,,friedrichshain-kreuzberg
4607,Urbanstraße,2,,8,,G,2,20,2,10,Kreuz,10961,,friedrichshain-kreuzberg
4607,Urbanstraße,24,,72,,G,2,20,2,12,Kreuz,10967,,friedrichshain-kreuzberg
4607,Urbanstraße,25,,71,,U,2,20,2,12,Kreuz,10967,,friedrichshain-kreuzberg
4607,Urbanstraße,83,,137,A,U,2,20,2,13,Kreuz,10967,,friedrichshain-kreuzberg
4607,Urbanstraße,84,,150,,G,2,20,2,13,Kreuz,10967,,friedrichshain-kreuzberg
4607,Urbanstraße,166,,166,,G,2,20,2,13,Kreuz,10961,,friedrichshain-kreuzberg
4607,Urbanstraße,169,,183,,U,2,20,2,10,Kreuz,10961,,friedrichshain-kreuzberg
4607,Urbanstraße,170,,182,,G,2,20,2,10,Kreuz,10961,,friedrichshain-kreuzberg
9353,Valeska-Gert-Straße,1,,5,,U,2,40,6,25,Frhai,10243,,friedrichshain-kreuzberg
9353,Valeska-Gert-Straße,2,,6,,G,2,40,6,25,Frhai,10243,,friedrichshain-kreuzberg
43415,Virchowstraße,1,,3,,U,2,40,5,22,Frhai,10249,,friedrichshain-kreuzberg
43415,Virchowstraße,6,,6,,G,2,40,5,20,Frhai,10249,,friedrichshain-kreuzberg
43415,Virchowstraße,10,,10,,G,3,70,16,60,Prenz,10249,J,friedrichshain-kreuzberg
43419,Voigtstraße,1,,19,A,U,2,50,7,29,Frhai,10247,,friedrichshain-kreuzberg
43419,Voigtstraße,2,,20,A,G,2,50,7,29,Frhai,10247,,friedrichshain-kreuzberg
43419,Voigtstraße,21,,43,,U,2,50,7,28,Frhai,10247,,friedrichshain-kreuzberg
43419,Voigtstraße,22,,44,,G,2,50,7,28,Frhai,10247,,friedrichshain-kreuzberg
4656,Vor dem Schlesischen Tor,1,,3,,U,2,30,4,19,Kreuz,10997,,friedrichshain-kreuzberg
4656,Vor dem Schlesischen Tor,2,,2,,G,2,30,4,19,Kreuz,10997,,friedrichshain-kreuzberg
4669,Waldemarstraße,3,,17,,U,1,10,3,13,Mitte,10179,J,friedrichshain-kreuzberg
4669,Waldemarstraße,8,,46,,G,2,30,3,14,Kreuz,10999,,friedrichshain-kreuzberg
4669,Waldemarstraße,19,,45,,U,2,30,3,14,Kreuz,10999,,friedrichshain-kreuzberg
4669,Waldemarstraße,48,,74,,G,2,30,3,14,Kreuz,10997,,friedrichshain-kreuzberg
4669,Waldemarstraße,57,,57,,U,2,30,3,14,Kreuz,10997,,friedrichshain-kreuzberg
4669,Waldemarstraße,77,,119,,U,2,30,3,15,Kreuz,10997,,friedrichshain-kreuzberg
4669,Waldemarstraße,86,,118,,G,2,30,3,15,Kreuz,10997,,friedrichshain-kreuzberg
43442,Waldeyerstraße,1,,13,,U,2,50,7,29,Frhai,10247,,friedrichshain-kreuzberg
43442,Waldeyerstraße,2,,12,,G,2,50,7,29,Frhai,10247,,friedrichshain-kreuzberg
9354,Wanda-Kallenbach-Straße,2,,10,,G,2,40,6,25,Frhai,10243,,friedrichshain-kreuzberg
43478,Warschauer Platz,6,,18,,G,2,50,8,35,Frhai,10245,,friedrichshain-kreuzberg
43478,Warschauer Platz,11,,11,,U,2,50,8,35,Frhai,10245,,friedrichshain-kreuzberg
43479,Warschauer Straße,5,,33,,U,2,40,6,24,Frhai,10243,,friedrichshain-kreuzberg
43479,Warschauer Straße,6,,32,,G,2,40,6,24,Frhai,10243,,friedrichshain-kreuzberg
43479,Warschauer Straße,34,,48,,G,2,40,6,25,Frhai,10243,,friedrichshain-kreuzberg
43479,Warschauer Straße,35,,47,,U,2,40,6,25,Frhai,10243,,friedrichshain-kreuzberg
43479,Warschauer Straße,55,,63,,U,2,50,8,34,Frhai,10243,,friedrichshain-kreuzberg
43479,Warschauer Straße,56,,64,,G,2,50,8,34,Frhai,10243,,friedrichshain-kreuzberg
43479,Warschauer Straße,65,,81,A,U,2,50,8,33,Frhai,10243,,friedrichshain-kreuzberg
43479,Warschauer Straße,66,,80,,G,2,50,8,33,Frhai,10243,,friedrichshain-kreuzberg
43479,Warschauer Straße,82,,84,,G,2,50,8,30,Frhai,10243,,friedrichshain-kreuzberg
43479,Warschauer Straße,83,,85,,U,2,50,8,30,Frhai,10243,,friedrichshain-kreuzberg
4727,Wartenburgstraße,1,,23,,U,2,20,2,8,Kreuz,10963,,friedrichshain-kreuzberg
4727,Wartenburgstraße,2,,24,,G,2,20,2,8,Kreuz,10963,,friedrichshain-kreuzberg
4733,Wassertorstraße,1,,65,,U,2,10,1,5,Kreuz,10969,,friedrichshain-kreuzberg
4951,Wrangelstraße,3,,35,,U,2,30,3,15,Kreuz,10997,,friedrichshain-kreuzberg
4951,Wrangelstraße,39,,95,,U,2,30,4,19,Kreuz,10997,,friedrichshain-kreuzberg
4951,Wrangelstraße,40,,96,,G,2,30,4,19,Kreuz,10997,,friedrichshain-kreuzberg
4951,Wrangelstraße,98,,136,,G,2,30,3,16,Kreuz,10997,,friedrichshain-kreuzberg
4951,Wrangelstraße,105,,131,,U,2,30,3,16,Kreuz,10997,,friedrichshain-kreuzberg
43977,Wriezener Karree,1,,15,,U,2,40,6,25,Frhai,10243,,friedrichshain-kreuzberg
43977,Wriezener Karree,2,,10,,G,2,40,6,25,Frhai,10243,,friedrichshain-kreuzberg
43627,Wühlischstraße,1,,33,B,U,2,50,8,33,Frhai,10245,,friedrichshain-kreuzberg
43627,Wühlischstraße,2,,32,,G,2,50,8,33,Frhai,10245,,friedrichshain-kreuzberg
43627,Wühlischstraße,34,,58,,G,2,50,8,34,Frhai,10245,,friedrichshain-kreuzberg
43627,Wühlischstraße,35,,57,,U,2,50,8,34,Frhai,10245,,friedrichshain-kreuzberg
4977,Yorckstraße,1,,21,,U,2,20,2,8,Kreuz,10965,,friedrichshain-kreuzberg
4977,Yorckstraße,2,,22,,G,2,20,2,8,Kreuz,10965,,friedrichshain-kreuzberg
4977,Yorckstraße,23,,39,,U,2,20,2,7,Kreuz,10965,,friedrichshain-kreuzberg
4977,Yorckstraße,24,,38,,G,2,20,2,7,Kreuz,10965,,friedrichshain-kreuzberg
4977,Yorckstraße,40,,40,,G,7,10,2,6,Schön,10965,J,friedrichshain-kreuzberg
4977,Yorckstraße,42,,42,,G,2,20,2,7,Kreuz,10965,,friedrichshain-kreuzberg
4977,Yorckstraße,43,,45,,U,7,10,2,5,Schön,10965,J,friedrichshain-kreuzberg
4977,Yorckstraße,44,,44,A,G,7,10,2,5,Schön,10965,J,friedrichshain-kreuzberg
4977,Yorckstraße,47,,57,,U,7,10,2,6,Schön,10965,J,friedrichshain-kreuzberg
4977,Yorckstraße,48,,56,B,G,7,10,2,6,Schön,10965,J,friedrichshain-kreuzberg
4977,Yorckstraße,58,,90,,G,2,20,2,9,Kreuz,10965,,friedrichshain-kreuzberg
4977,Yorckstraße,59,,89,A,U,2,20,2,9,Kreuz,10965,,friedrichshain-kreuzberg
43644,Zellestraße,2,,14,,G,2,50,7,27,Frhai,10247,,friedrichshain-kreuzberg
43644,Zellestraße,3,,15,,U,2,50,7,27,Frhai,10247,,friedrichshain-kreuzberg
5006,Zeughofstraße,1,,1,,U,2,30,3,16,Kreuz,10997,,friedrichshain-kreuzberg
5006,Zeughofstraße,12,,22,,G,2,30,3,15,Kreuz,10997,,friedrichshain-kreuzberg
5006,Zeughofstraße,19,,23,A,U,2,30,3,15,Kreuz,10997,,friedrichshain-kreuzberg
5006,Zeughofstraße,24,,26,,G,2,30,3,16,Kreuz,10997,,friedrichshain-kreuzberg
5006,Zeughofstraße,25,,25,,U,2,30,3,16,Kreuz,10997,,friedrichshain-kreuzberg
16936,Zimmerstraße,6,,32,,G,2,10,1,2,Kreuz,10969,,friedrichshain-kreuzberg
16936,Zimmerstraße,7,,27,,U,2,10,1,2,Kreuz,10969,,friedrichshain-kreuzberg
16936,Zimmerstraße,50,,80,,G,1,10,2,7,Mitte,10117,J,friedrichshain-kreuzberg
16936,Zimmerstraße,55,,79,,U,1,10,2,7,Mitte,10117,J,friedrichshain-kreuzberg
16936,Zimmerstraße,88,,98,B,G,1,10,2,5,Mitte,10117,J,friedrichshain-kreuzberg
16936,Zimmerstraße,91,,99,A,U,1,10,2,5,Mitte,10117,J,friedrichshain-kreuzberg
5035,Zossener Straße,2,,14,,G,2,20,2,10,Kreuz,10961,,friedrichshain-kreuzberg
5035,Zossener Straße,3,,13,,U,2,20,2,10,Kreuz,10961,,friedrichshain-kreuzberg
5035,Zossener Straße,15,,37,,U,2,20,2,11,Kreuz,10961,,friedrichshain-kreuzberg
5035,Zossener Straße,16,,36,,G,2,20,2,11,Kreuz,10961,,friedrichshain-kreuzberg
5035,Zossener Straße,38,,58,,G,2,20,2,10,Kreuz,10961,,friedrichshain-kreuzberg
5035,Zossener Straße,39,,65,,U,2,20,2,10,Kreuz,10961,,friedrichshain-kreuzberg
5037,Züllichauer Straße,1,,7,,U,2,20,2,11,Kreuz,10965,,friedrichshain-kreuzberg
5037,Züllichauer Straße,2,,6,,G,2,20,2,11,Kreuz,10965,,friedrichshain-kreuzberg
